backend,nx,ny,n_steps,repeats,total_time_s,time_per_step_s,gridpoints_per_sec,mpi_ranks
mpi,100,100,100,3,0.002662,0.000026617,375694000.743,64
mpi,200,200,100,3,0.002569,0.000025688,1557175594.906,64
mpi,300,300,100,3,0.002846,0.000028464,3161852044.296,64
mpi,400,400,100,3,0.003280,0.000032799,4878136527.456,64
mpi,500,500,100,3,0.003746,0.000037459,6673926118.570,64
mpi,600,600,100,3,0.004505,0.000045048,7991479898.506,64
mpi,700,700,100,3,0.005337,0.000053371,9181013040.474,64
mpi,800,800,100,3,0.006821,0.000068213,9382402844.119,64
mpi,900,900,100,3,0.007169,0.000071690,11298596519.028,64
mpi,1000,1000,100,3,0.008536,0.000085361,11714933036.857,64
mpi,1100,1100,100,3,0.009292,0.000092921,13021876357.679,64
mpi,1200,1200,100,3,0.010525,0.000105252,13681508295.080,64
mpi,1300,1300,100,3,0.011919,0.000119186,14179549850.473,64
mpi,1400,1400,100,3,0.012428,0.000124278,15771120910.425,64
mpi,1500,1500,100,3,0.014437,0.000144368,15585153236.690,64
mpi,1600,1600,100,3,0.015340,0.000153398,16688609580.670,64
mpi,1700,1700,100,3,0.018683,0.000186827,15468866978.288,64
mpi,1800,1800,100,3,0.019533,0.000195326,16587653178.316,64
mpi,1900,1900,100,3,0.021542,0.000215417,16758221799.476,64
mpi,2000,2000,100,3,0.026213,0.000262130,15259584220.583,64
mpi,2100,2100,100,3,0.029429,0.000294294,14984995805.730,64
mpi,2200,2200,100,3,0.031403,0.000314028,15412654560.026,64
mpi,2300,2300,100,3,0.034785,0.000347854,15207516480.320,64
mpi,2400,2400,100,3,0.041138,0.000411375,14001810106.690,64
mpi,2500,2500,100,3,0.043302,0.000433016,14433641904.839,64
mpi,2600,2600,100,3,0.047299,0.000472991,14292032539.998,64
mpi,2700,2700,100,3,0.052702,0.000527018,13832550743.229,64
mpi,2800,2800,100,3,0.057778,0.000577783,13569108360.217,64
mpi,2900,2900,100,3,0.069942,0.000699417,12024293648.406,64
mpi,3000,3000,100,3,0.081076,0.000810758,11100719010.838,64
mpi,3100,3100,100,3,0.099131,0.000991305,9694289879.328,64
mpi,3200,3200,100,3,0.118205,0.001182051,8662909768.745,64
mpi,3300,3300,100,3,0.135790,0.001357903,8019721120.200,64
mpi,3400,3400,100,3,0.160092,0.001600923,7220836585.972,64
mpi,3500,3500,100,3,0.187522,0.001875221,6532563756.676,64
mpi,3600,3600,100,3,0.220119,0.002201191,5887722423.593,64
mpi,3700,3700,100,3,0.247942,0.002479416,5521461535.144,64
mpi,3800,3800,100,3,0.294193,0.002941926,4908349456.615,64
mpi,3900,3900,100,3,0.324126,0.003241258,4692622519.268,64
mpi,4000,4000,100,3,0.374865,0.003748645,4268208647.147,64
mpi,4100,4100,100,3,0.404953,0.004049534,4151095121.122,64
mpi,4200,4200,100,3,0.444487,0.004444865,3968624162.362,64
mpi,4300,4300,100,3,0.491429,0.004914289,3762497754.897,64
mpi,4400,4400,100,3,0.539652,0.005396518,3587498204.722,64
mpi,4500,4500,100,3,0.588157,0.005881568,3442959155.328,64
mpi,4600,4600,100,3,0.637663,0.006376631,3318366871.453,64
mpi,4700,4700,100,3,0.692549,0.006925489,3189666454.865,64
mpi,4800,4800,100,3,0.729936,0.007299356,3156442729.924,64
mpi,4900,4900,100,3,0.781847,0.007818469,3070933552.574,64
mpi,5000,5000,100,3,0.834191,0.008341914,2996914045.241,64
