backend,nx,ny,n_steps,repeats,total_time_s,time_per_step_s,gridpoints_per_sec
cpu,100,100,100,3,0.011374,0.000113743,87917366.834
cpu,200,200,100,3,0.036314,0.000363144,110149009.484
cpu,300,300,100,3,0.072901,0.000729010,123455095.505
cpu,400,400,100,3,0.108345,0.001083451,147676280.500
cpu,500,500,100,3,0.193928,0.001939281,128913767.625
cpu,600,600,100,3,0.224450,0.002244498,160392191.938
cpu,700,700,100,3,0.299421,0.002994213,163649016.286
cpu,800,800,100,3,0.405900,0.004058997,157674415.633
cpu,900,900,100,3,0.555093,0.005550929,145921508.257
cpu,1000,1000,100,3,0.807102,0.008071016,123900138.215
cpu,1100,1100,100,3,0.973846,0.009738455,124249687.159
cpu,1200,1200,100,3,1.318035,0.013180351,109253536.318
cpu,1300,1300,100,3,1.517161,0.015171611,111392258.801
cpu,1400,1400,100,3,1.834679,0.018346795,106830650.640
cpu,1500,1500,100,3,2.584276,0.025842761,87064999.479
cpu,1600,1600,100,3,2.499601,0.024996007,102416356.589
cpu,1700,1700,100,3,3.365548,0.033655481,85870113.075
cpu,1800,1800,100,3,3.902583,0.039025833,83021931.337
cpu,1900,1900,100,3,4.495314,0.044953140,80305847.426
cpu,2000,2000,100,3,5.448583,0.054485832,73413580.214
cpu,2100,2100,100,3,10.337891,0.103378907,42658605.535
cpu,2200,2200,100,3,10.852258,0.108522583,44599012.188
cpu,2300,2300,100,3,11.584069,0.115840685,45666166.319
cpu,2400,2400,100,3,13.121259,0.131212593,43898225.630
cpu,2500,2500,100,3,14.384580,0.143845796,43449305.854
cpu,2600,2600,100,3,15.729460,0.157294600,42976681.974
cpu,2700,2700,100,3,16.185327,0.161853267,45040796.092
cpu,2800,2800,100,3,17.263040,0.172630396,45414945.274
cpu,2900,2900,100,3,17.997081,0.179970806,46729801.364
cpu,3000,3000,100,3,19.704450,0.197044499,45674961.951
cpu,3100,3100,100,3,21.201946,0.212019458,45326028.562
cpu,3200,3200,100,3,20.927427,0.209274265,48931004.447
cpu,3300,3300,100,3,22.635881,0.226358813,48109458.919
cpu,3400,3400,100,3,23.901883,0.239018832,48364390.056
cpu,3500,3500,100,3,26.016573,0.260165727,47085371.945
cpu,3600,3600,100,3,26.516447,0.265164473,48875325.851
cpu,3700,3700,100,3,27.554199,0.275541995,49683896.701
cpu,3800,3800,100,3,29.059855,0.290598553,49690543.299
cpu,3900,3900,100,3,32.378891,0.323788907,46975049.658
cpu,4000,4000,100,3,32.814145,0.328141446,48759460.857
cpu,4100,4100,100,3,32.352023,0.323520227,51959656.887
cpu,4200,4200,100,3,35.104395,0.351043945,50250118.955
cpu,4300,4300,100,3,34.328958,0.343289576,53861233.481
cpu,4400,4400,100,3,30.901927,0.309019265,62649815.618
cpu,4500,4500,100,3,32.404943,0.324049425,62490467.249
cpu,4600,4600,100,3,34.302921,0.343029205,61685709.774
cpu,4700,4700,100,3,35.789236,0.357892364,61722468.124
cpu,4800,4800,100,3,38.187477,0.381874770,60333915.256
cpu,4900,4900,100,3,45.647496,0.456474959,52598723.206
cpu,5000,5000,100,3,46.845235,0.468452352,53367220.608
