run_id,sigma,c,x0_frac,y0_frac,peak_amplitude,peak_time,final_energy,energy_half_time,spread_x,spread_y,wall_time_s
0,2.0000,0.5000,0.3000,0.5000,1.000000,0.000000,6.149663,0.370000,7.314814,7.315343,0.0095
1,2.0000,0.5000,0.5000,0.5000,1.000000,0.000000,6.149664,0.370000,7.315276,7.315276,0.0083
2,2.0000,0.5000,0.7000,0.5000,1.000000,0.000000,6.149663,0.370000,7.314814,7.315343,0.0084
3,2.0000,0.6000,0.3000,0.5000,1.000000,0.000000,6.192932,0.310000,8.521393,8.530055,0.0085
4,2.0000,0.6000,0.5000,0.5000,1.000000,0.000000,6.193038,0.310000,8.528554,8.528554,0.0085
5,2.0000,0.6000,0.7000,0.5000,1.000000,0.000000,6.192932,0.310000,8.521393,8.530055,0.0083
6,2.0000,0.7000,0.3000,0.5000,1.000000,0.000000,6.211086,0.270000,9.711107,9.787608,0.0080
7,2.0000,0.7000,0.5000,0.5000,1.000000,0.000000,6.218597,0.270000,9.770160,9.770160,0.0086
8,2.0000,0.7000,0.7000,0.5000,1.000000,0.000000,6.211086,0.270000,9.711107,9.787608,0.0081
9,2.0000,0.8000,0.3000,0.5000,1.000000,0.000000,6.100402,0.230000,10.745439,11.146154,0.0084
10,2.0000,0.8000,0.5000,0.5000,1.000000,0.000000,6.235120,0.230000,11.033293,11.033293,0.0085
11,2.0000,0.8000,0.7000,0.5000,1.000000,0.000000,6.100402,0.230000,10.745439,11.146154,0.0084
12,2.0000,0.9000,0.3000,0.5000,1.000000,0.000000,5.693643,0.210000,11.434624,12.693052,0.0081
13,2.0000,0.9000,0.5000,0.5000,1.000000,0.000000,6.246568,0.210000,12.311758,12.311758,0.0081
14,2.0000,0.9000,0.7000,0.5000,1.000000,0.000000,5.693643,0.210000,11.434624,12.693052,0.0081
15,3.4286,0.5000,0.3000,0.5000,1.000000,0.000000,17.069580,0.630000,8.451097,8.516006,0.0091
16,3.4286,0.5000,0.5000,0.5000,1.000000,0.000000,17.077643,0.630000,8.506645,8.506645,0.0085
17,3.4286,0.5000,0.7000,0.5000,1.000000,0.000000,17.069580,0.630000,8.451097,8.516006,0.0090
18,3.4286,0.6000,0.3000,0.5000,1.000000,0.000000,17.494957,0.530000,9.415897,9.638222,0.0084
19,3.4286,0.6000,0.5000,0.5000,1.000000,0.000000,17.589272,0.530000,9.596611,9.596611,0.0090
20,3.4286,0.6000,0.7000,0.5000,1.000000,0.000000,17.494957,0.530000,9.415897,9.638222,0.0089
21,3.4286,0.7000,0.3000,0.5000,1.000000,0.000000,17.285605,0.450000,10.260768,10.873664,0.0088
22,3.4286,0.7000,0.5000,0.5000,1.000000,0.000000,17.851063,0.450000,10.732934,10.732934,0.0083
23,3.4286,0.7000,0.7000,0.5000,1.000000,0.000000,17.285605,0.450000,10.260768,10.873664,0.0081
24,3.4286,0.8000,0.3000,0.5000,1.000000,0.000000,16.299320,0.400000,10.874195,12.264991,0.0088
25,3.4286,0.8000,0.5000,0.5000,1.000000,0.000000,18.008165,0.400000,11.905095,11.905095,0.0091
26,3.4286,0.8000,0.7000,0.5000,1.000000,0.000000,16.299320,0.400000,10.874195,12.264991,0.0082
27,3.4286,0.9000,0.3000,0.5000,1.000000,0.000000,15.716323,0.350000,11.466081,13.600641,0.0080
28,3.4286,0.9000,0.5000,0.5000,1.000000,0.000000,18.111265,0.350000,13.100698,13.100698,0.0080
29,3.4286,0.9000,0.7000,0.5000,1.000000,0.000000,15.716323,0.350000,11.466081,13.600641,0.0081
30,4.8571,0.5000,0.3000,0.5000,1.000000,0.000000,29.440956,0.900000,9.577329,10.030308,0.0080
31,4.8571,0.5000,0.5000,0.5000,1.000000,0.000000,29.858443,0.900000,9.955364,9.955364,0.0081
32,4.8571,0.5000,0.7000,0.5000,1.000000,0.000000,29.440956,0.900000,9.577329,10.030308,0.0081
33,4.8571,0.6000,0.3000,0.5000,1.000000,0.000000,31.195346,0.750000,10.235412,11.108495,0.0080
34,4.8571,0.6000,0.5000,0.5000,1.000000,0.000000,32.609828,0.750000,10.935061,10.935061,0.0081
35,4.8571,0.6000,0.7000,0.5000,1.000000,0.000000,31.195346,0.750000,10.235412,11.108495,0.0083
36,4.8571,0.7000,0.3000,0.5000,1.000000,0.000000,30.842390,0.640000,10.763387,12.313894,0.0080
37,4.8571,0.7000,0.5000,0.5000,1.000000,0.000000,34.175651,0.640000,11.964079,11.964079,0.0080
38,4.8571,0.7000,0.7000,0.5000,1.000000,0.000000,30.842390,0.640000,10.763387,12.313894,0.0081
39,4.8571,0.8000,0.3000,0.5000,1.000000,0.000000,29.670521,0.560000,11.128442,13.596101,0.0079
40,4.8571,0.8000,0.5000,0.5000,1.000000,0.000000,35.016217,0.560000,13.025525,13.025525,0.0080
41,4.8571,0.8000,0.7000,0.5000,1.000000,0.000000,29.670521,0.560000,11.128442,13.596101,0.0081
42,4.8571,0.9000,0.3000,0.5000,1.000000,0.000000,30.002766,0.500000,11.808495,14.569995,0.0080
43,4.8571,0.9000,0.5000,0.5000,1.000000,0.000000,35.491114,0.500000,14.092940,14.092940,0.0081
44,4.8571,0.9000,0.7000,0.5000,1.000000,0.000000,30.002766,0.500000,11.808495,14.569995,0.0080
45,6.2857,0.5000,0.3000,0.5000,1.000000,0.000000,41.779022,1.160000,10.498495,11.644174,0.0079
46,6.2857,0.5000,0.5000,0.5000,1.000000,0.000000,44.560699,1.160000,11.434143,11.434143,0.0080
47,6.2857,0.5000,0.7000,0.5000,1.000000,0.000000,41.779022,1.160000,10.498495,11.644174,0.0079
48,6.2857,0.6000,0.3000,0.5000,1.000000,0.000000,42.424893,0.960000,11.012424,12.754825,0.0080
49,6.2857,0.6000,0.5000,0.5000,1.000000,0.000000,47.970363,0.970000,12.385268,12.385268,0.0079
50,6.2857,0.6000,0.7000,0.5000,1.000000,0.000000,42.424893,0.960000,11.012424,12.754825,0.0082
51,6.2857,0.7000,0.3000,0.5000,1.000000,0.000000,43.338080,0.830000,11.341045,13.837078,0.0079
52,6.2857,0.7000,0.5000,0.5000,1.000000,0.000000,52.098952,0.830000,13.283261,13.283261,0.0079
53,6.2857,0.7000,0.7000,0.5000,1.000000,0.000000,43.338080,0.830000,11.341045,13.837078,0.0079
54,6.2857,0.8000,0.3000,0.5000,1.000000,0.000000,44.245252,0.720000,11.613577,14.805822,0.0079
55,6.2857,0.8000,0.5000,0.5000,1.000000,0.000000,54.998025,0.730000,14.168152,14.168152,0.0080
56,6.2857,0.8000,0.7000,0.5000,1.000000,0.000000,44.245252,0.720000,11.613577,14.805822,0.0080
57,6.2857,0.9000,0.3000,0.5000,1.000000,0.000000,46.676776,0.640000,12.346712,15.322272,0.0081
58,6.2857,0.9000,0.5000,0.5000,1.000000,0.000000,56.288057,0.650000,15.013807,15.013807,0.0080
59,6.2857,0.9000,0.7000,0.5000,1.000000,0.000000,46.676776,0.640000,12.346712,15.322272,0.0079
60,7.7143,0.5000,0.3000,0.5000,1.000000,0.000000,61.031293,1.380000,10.978272,12.752250,0.0080
61,7.7143,0.5000,0.5000,0.5000,1.000000,0.000000,69.555147,1.430000,12.440206,12.440206,0.0080
62,7.7143,0.5000,0.7000,0.5000,1.000000,0.000000,61.031293,1.380000,10.978272,12.752250,0.0080
63,7.7143,0.6000,0.3000,0.5000,1.000000,0.000000,53.692445,1.150000,11.694040,14.174165,0.0079
64,7.7143,0.6000,0.5000,0.5000,1.000000,0.000000,66.663585,1.190000,13.622078,13.622078,0.0081
65,7.7143,0.6000,0.7000,0.5000,1.000000,0.000000,53.692445,1.150000,11.694040,14.174165,0.0080
66,7.7143,0.7000,0.3000,0.5000,1.000000,0.000000,53.055371,0.990000,11.976438,15.119122,0.0080
67,7.7143,0.7000,0.5000,0.5000,1.000000,0.000000,69.563992,1.020000,14.439836,14.439836,0.0081
68,7.7143,0.7000,0.7000,0.5000,1.000000,0.000000,53.055371,0.990000,11.976438,15.119122,0.0080
69,7.7143,0.8000,0.3000,0.5000,1.000000,0.000000,56.138062,0.860000,12.280119,15.649154,0.0082
70,7.7143,0.8000,0.5000,0.5000,1.000000,0.000000,73.275205,0.890000,15.126246,15.126246,0.0081
71,7.7143,0.8000,0.7000,0.5000,1.000000,0.000000,56.138062,0.860000,12.280119,15.649154,0.0080
72,7.7143,0.9000,0.3000,0.5000,1.000000,0.000000,61.343508,0.770000,13.007979,15.710342,0.0080
73,7.7143,0.9000,0.5000,0.5000,1.000000,0.000000,74.475000,0.790000,15.727338,15.727338,0.0080
74,7.7143,0.9000,0.7000,0.5000,1.000000,0.000000,61.343508,0.770000,13.007979,15.710342,0.0082
75,9.1429,0.5000,0.3000,0.5000,1.000000,0.000000,92.503605,1.550000,11.226167,13.273405,0.0081
76,9.1429,0.5000,0.5000,0.5000,1.000000,0.000000,110.597468,1.690000,12.971829,12.971829,0.0081
77,9.1429,0.5000,0.7000,0.5000,1.000000,0.000000,92.503605,1.550000,11.226167,13.273405,0.0080
78,9.1429,0.6000,0.3000,0.5000,1.000000,0.000000,71.563295,1.290000,12.060322,14.817123,0.0080
79,9.1429,0.6000,0.5000,0.5000,1.000000,0.000000,94.979881,1.400000,14.243342,14.243342,0.0081
80,9.1429,0.6000,0.7000,0.5000,1.000000,0.000000,71.563295,1.290000,12.060322,14.817123,0.0080
81,9.1429,0.7000,0.3000,0.5000,1.000000,0.000000,63.098994,1.110000,12.499421,15.923893,0.0081
82,9.1429,0.7000,0.5000,0.5000,1.000000,0.000000,88.809085,1.200000,15.223315,15.223315,0.0081
83,9.1429,0.7000,0.7000,0.5000,1.000000,0.000000,63.098994,1.110000,12.499421,15.923893,0.0080
84,9.1429,0.8000,0.3000,0.5000,1.000000,0.000000,63.851786,0.970000,12.922420,16.128079,0.0080
85,9.1429,0.8000,0.5000,0.5000,1.000000,0.000000,86.727316,1.050000,15.830262,15.830262,0.0080
86,9.1429,0.8000,0.7000,0.5000,1.000000,0.000000,63.851786,0.970000,12.922420,16.128079,0.0081
87,9.1429,0.9000,0.3000,0.5000,1.000000,0.000000,70.054199,0.860000,13.655395,15.821836,0.0081
88,9.1429,0.9000,0.5000,0.5000,1.000000,0.000000,83.639859,0.940000,16.255748,16.255748,0.0081
89,9.1429,0.9000,0.7000,0.5000,1.000000,0.000000,70.054199,0.860000,13.655395,15.821836,0.0080
90,10.5714,0.5000,0.3000,0.5000,1.000000,0.000000,136.561326,1.690000,11.537756,13.551127,0.0080
91,10.5714,0.5000,0.5000,0.5000,1.000000,0.000000,167.537315,1.910000,13.313808,13.313808,0.0080
92,10.5714,0.5000,0.7000,0.5000,1.000000,0.000000,136.561326,1.690000,11.537756,13.551127,0.0081
93,10.5714,0.6000,0.3000,0.5000,1.000000,0.000000,99.189666,1.410000,12.201857,14.778153,0.0081
94,10.5714,0.6000,0.5000,0.5000,1.000000,0.000000,134.956647,1.590000,14.340461,14.340461,0.0081
95,10.5714,0.6000,0.7000,0.5000,1.000000,0.000000,99.189666,1.410000,12.201857,14.778153,0.0080
96,10.5714,0.7000,0.3000,0.5000,1.000000,0.000000,77.507158,1.210000,12.687618,16.040931,0.0080
97,10.5714,0.7000,0.5000,0.5000,1.000000,0.000000,112.375580,1.370000,15.427474,15.427474,0.0080
98,10.5714,0.7000,0.7000,0.5000,1.000000,0.000000,77.507158,1.210000,12.687618,16.040931,0.0081
99,10.5714,0.8000,0.3000,0.5000,1.000000,0.000000,70.161997,1.050000,13.301062,16.260708,0.0081
100,10.5714,0.8000,0.5000,0.5000,1.000000,0.000000,96.487742,1.200000,16.214922,16.214922,0.0081
101,10.5714,0.8000,0.7000,0.5000,1.000000,0.000000,70.161997,1.050000,13.301062,16.260708,0.0080
102,10.5714,0.9000,0.3000,0.5000,1.000000,0.000000,73.604924,0.940000,14.111626,15.750843,0.0080
103,10.5714,0.9000,0.5000,0.5000,1.000000,0.000000,83.192432,1.060000,16.627896,16.627896,0.0080
104,10.5714,0.9000,0.7000,0.5000,1.000000,0.000000,73.604924,0.940000,14.111626,15.750843,0.0081
105,12.0000,0.5000,0.3000,0.5000,1.000000,0.000000,190.934381,1.790000,11.851465,13.644533,0.0081
106,12.0000,0.5000,0.5000,0.5000,1.000000,0.000000,236.752787,2.000000,13.487699,13.487699,0.0081
107,12.0000,0.5000,0.7000,0.5000,1.000000,0.000000,190.934381,1.790000,11.851465,13.644533,0.0080
108,12.0000,0.6000,0.3000,0.5000,1.000000,0.000000,136.308421,1.490000,12.331703,14.567693,0.0080
109,12.0000,0.6000,0.5000,0.5000,1.000000,0.000000,184.652688,1.730000,14.277314,14.277314,0.0080
110,12.0000,0.6000,0.7000,0.5000,1.000000,0.000000,136.308421,1.490000,12.331703,14.567693,0.0081
111,12.0000,0.7000,0.3000,0.5000,1.000000,0.000000,98.540911,1.280000,12.637889,15.523216,0.0080
112,12.0000,0.7000,0.5000,0.5000,1.000000,0.000000,141.013334,1.480000,15.146328,15.146328,0.0081
113,12.0000,0.7000,0.7000,0.5000,1.000000,0.000000,98.540911,1.280000,12.637889,15.523216,0.0080
114,12.0000,0.8000,0.3000,0.5000,1.000000,0.000000,78.983310,1.120000,13.245418,15.973087,0.0080
115,12.0000,0.8000,0.5000,0.5000,1.000000,0.000000,105.728478,1.300000,16.108963,16.108963,0.0080
116,12.0000,0.8000,0.7000,0.5000,1.000000,0.000000,78.983310,1.120000,13.245418,15.973087,0.0080
117,12.0000,0.9000,0.3000,0.5000,1.000000,0.000000,75.812044,1.000000,14.229916,15.503735,0.0081
118,12.0000,0.9000,0.5000,0.5000,1.000000,0.000000,77.545353,1.150000,16.780668,16.780668,0.0081
119,12.0000,0.9000,0.7000,0.5000,1.000000,0.000000,75.812044,1.000000,14.229916,15.503735,0.0080
